Product,Review,Price,Seller
Samsung Galaxy S23,"Perfect for gaming, but poor battery life.",$640,Walmart
Sony Xperia 1 IV,Cheap & powerful!,$1044,Amazon
Samsung Galaxy S23,"Battery life is awesome, but expensive.",$526,OnePlus Official
Sony Xperia 1 IV,"Stock Android is smooth, but no free case.",$728,Samsung Shop
Xiaomi Redmi Note 12,"Stock Android is smooth, but no free case.",$660,Flipkart
Xiaomi Redmi Note 12,"Battery life is awesome, but expensive.",$1236,Best Buy
OnePlus 11,"Battery life is awesome, but expensive.",$1166,Walmart
Realme GT 2,"Battery life is awesome, but expensive.",$1153,Samsung Shop
Google Pixel 7,Cheap & powerful!,$1122,Samsung Shop
Sony Xperia 1 IV,"Premium design, but lacks headphone jack.",$1033,Amazon
OnePlus 11,"Excellent camera, but slow software updates.",$1079,OnePlus Official
Google Pixel 7,Great phone! Amazing camera ðŸ“¸,$352,Amazon
Asus ROG Phone 6,"Good performance, but heating issue.",$439,Flipkart
Asus ROG Phone 6,"Premium design, but lacks headphone jack.",$1004,Walmart
Xiaomi Redmi Note 12,Great phone! Amazing camera ðŸ“¸,$883,OnePlus Official
OnePlus 11,"Perfect for gaming, but poor battery life.",$693,OnePlus Official
Huawei P50,"Perfect for gaming, but poor battery life.",$1203,AliExpress
Huawei P50,"Stock Android is smooth, but no free case.",$1154,Newegg
Samsung Galaxy S23,"Battery life is awesome, but expensive.",$789,Newegg
Asus ROG Phone 6,"Battery life is awesome, but expensive.",$384,Flipkart
Sony Xperia 1 IV,Cheap & powerful!,$994,Amazon
Realme GT 2,Cheap & powerful!,$932,Newegg
Huawei P50,Oxygen OS is better than before!,$892,Best Buy
Asus ROG Phone 6,"Stock Android is smooth, but no free case.",$968,eBay
Samsung Galaxy S23,"Perfect for gaming, but poor battery life.",$552,Google Store
Asus ROG Phone 6,"Premium design, but lacks headphone jack.",$354,Newegg
Realme GT 2,"Stock Android is smooth, but no free case.",$452,OnePlus Official
Sony Xperia 1 IV,Cheap & powerful!,$1132,AliExpress
Sony Xperia 1 IV,"Battery life is awesome, but expensive.",$750,Flipkart
OnePlus 11,"Good performance, but heating issue.",$1192,OnePlus Official
Realme GT 2,"Excellent camera, but slow software updates.",$878,Google Store
iPhone 14,Oxygen OS is better than before!,$429,AliExpress
Realme GT 2,Great phone! Amazing camera ðŸ“¸,$618,AliExpress
Xiaomi Redmi Note 12,Affordable and reliable!,$1165,AliExpress
Motorola Edge 30,"Premium design, but lacks headphone jack.",$514,Best Buy
Realme GT 2,Great phone! Amazing camera ðŸ“¸,$529,Walmart
Realme GT 2,"Premium design, but lacks headphone jack.",$975,eBay
Sony Xperia 1 IV,Cheap & powerful!,$399,Google Store
Realme GT 2,"Perfect for gaming, but poor battery life.",$997,eBay
Google Pixel 7,"Battery life is awesome, but expensive.",$697,Newegg
Asus ROG Phone 6,"Battery life is awesome, but expensive.",$908,Google Store
OnePlus 11,Affordable and reliable!,$601,Newegg
Realme GT 2,"Perfect for gaming, but poor battery life.",$1171,Google Store
Asus ROG Phone 6,Great phone! Amazing camera ðŸ“¸,$1108,Newegg
OnePlus 11,Great phone! Amazing camera ðŸ“¸,$1080,Flipkart
OnePlus 11,"Perfect for gaming, but poor battery life.",$392,Walmart
Sony Xperia 1 IV,"Good performance, but heating issue.",$945,eBay
Asus ROG Phone 6,"Battery life is awesome, but expensive.",$1284,Best Buy
Motorola Edge 30,"Perfect for gaming, but poor battery life.",$1140,Newegg
Asus ROG Phone 6,"Excellent camera, but slow software updates.",$676,eBay
Asus ROG Phone 6,"Excellent camera, but slow software updates.",$859,Best Buy
iPhone 14,"Premium design, but lacks headphone jack.",$355,Best Buy
Xiaomi Redmi Note 12,"Battery life is awesome, but expensive.",$810,Flipkart
Samsung Galaxy S23,"Perfect for gaming, but poor battery life.",$576,Flipkart
Huawei P50,"Premium design, but lacks headphone jack.",$414,AliExpress
Huawei P50,"Good performance, but heating issue.",$1127,Samsung Shop
Google Pixel 7,Cheap & powerful!,$1174,Google Store
Asus ROG Phone 6,"Battery life is awesome, but expensive.",$454,Amazon
Huawei P50,"Excellent camera, but slow software updates.",$1285,Flipkart
Motorola Edge 30,"Perfect for gaming, but poor battery life.",$1157,Google Store
OnePlus 11,"Premium design, but lacks headphone jack.",$517,Newegg
OnePlus 11,Affordable and reliable!,$1252,Google Store
Google Pixel 7,"Excellent camera, but slow software updates.",$613,Amazon
Xiaomi Redmi Note 12,"Good performance, but heating issue.",$746,AliExpress
Motorola Edge 30,Great phone! Amazing camera ðŸ“¸,$944,Newegg
Xiaomi Redmi Note 12,"Premium design, but lacks headphone jack.",$437,AliExpress
Samsung Galaxy S23,Great phone! Amazing camera ðŸ“¸,$820,Samsung Shop
Xiaomi Redmi Note 12,"Battery life is awesome, but expensive.",$564,Best Buy
OnePlus 11,Oxygen OS is better than before!,$1043,Walmart
Huawei P50,"Stock Android is smooth, but no free case.",$662,Newegg
Motorola Edge 30,"Excellent camera, but slow software updates.",$953,Best Buy
Realme GT 2,Oxygen OS is better than before!,$951,Walmart
iPhone 14,Oxygen OS is better than before!,$1159,Flipkart
Google Pixel 7,"Good performance, but heating issue.",$565,Best Buy
Google Pixel 7,Great phone! Amazing camera ðŸ“¸,$694,Flipkart
Motorola Edge 30,Great phone! Amazing camera ðŸ“¸,$901,OnePlus Official
iPhone 14,Oxygen OS is better than before!,$804,Amazon
Asus ROG Phone 6,"Excellent camera, but slow software updates.",$342,OnePlus Official
Google Pixel 7,"Premium design, but lacks headphone jack.",$868,Best Buy
Huawei P50,"Perfect for gaming, but poor battery life.",$562,Best Buy
Huawei P50,Great phone! Amazing camera ðŸ“¸,$974,Newegg
iPhone 14,Great phone! Amazing camera ðŸ“¸,$1113,eBay
Sony Xperia 1 IV,"Premium design, but lacks headphone jack.",$1056,Google Store
OnePlus 11,Cheap & powerful!,$1121,Samsung Shop
Sony Xperia 1 IV,"Stock Android is smooth, but no free case.",$1038,AliExpress
OnePlus 11,"Perfect for gaming, but poor battery life.",$1072,Best Buy
Xiaomi Redmi Note 12,Cheap & powerful!,$357,Flipkart
Huawei P50,"Premium design, but lacks headphone jack.",$1253,OnePlus Official
iPhone 14,Oxygen OS is better than before!,$1259,Newegg
Realme GT 2,Cheap & powerful!,$658,eBay
Xiaomi Redmi Note 12,"Battery life is awesome, but expensive.",$433,Samsung Shop
iPhone 14,Oxygen OS is better than before!,$460,Best Buy
Realme GT 2,Affordable and reliable!,$314,Flipkart
OnePlus 11,"Good performance, but heating issue.",$1266,Flipkart
Realme GT 2,"Battery life is awesome, but expensive.",$752,Amazon
Google Pixel 7,"Good performance, but heating issue.",$647,Amazon
Samsung Galaxy S23,"Excellent camera, but slow software updates.",$1290,Google Store
OnePlus 11,"Excellent camera, but slow software updates.",$1022,Best Buy
Samsung Galaxy S23,"Good performance, but heating issue.",$871,Walmart
Sony Xperia 1 IV,"Battery life is awesome, but expensive.",$912,Best Buy
OnePlus 11,Cheap & powerful!,$581,AliExpress
Xiaomi Redmi Note 12,Affordable and reliable!,$859,Samsung Shop
Xiaomi Redmi Note 12,"Excellent camera, but slow software updates.",$1193,Newegg
Sony Xperia 1 IV,"Perfect for gaming, but poor battery life.",$753,Amazon
Motorola Edge 30,"Excellent camera, but slow software updates.",$796,Samsung Shop
Asus ROG Phone 6,"Perfect for gaming, but poor battery life.",$1210,Best Buy
OnePlus 11,Great phone! Amazing camera ðŸ“¸,$400,Samsung Shop
OnePlus 11,"Battery life is awesome, but expensive.",$383,Samsung Shop
Asus ROG Phone 6,Great phone! Amazing camera ðŸ“¸,$513,Amazon
OnePlus 11,"Battery life is awesome, but expensive.",$573,AliExpress
Sony Xperia 1 IV,Affordable and reliable!,$1219,Google Store
Motorola Edge 30,"Battery life is awesome, but expensive.",$696,Amazon
Asus ROG Phone 6,"Stock Android is smooth, but no free case.",$458,Newegg
Samsung Galaxy S23,"Premium design, but lacks headphone jack.",$503,eBay
Motorola Edge 30,Great phone! Amazing camera ðŸ“¸,$915,Amazon
Asus ROG Phone 6,Great phone! Amazing camera ðŸ“¸,$526,Newegg
iPhone 14,"Excellent camera, but slow software updates.",$383,AliExpress
Google Pixel 7,"Battery life is awesome, but expensive.",$887,Google Store
Samsung Galaxy S23,Cheap & powerful!,$645,Samsung Shop
Sony Xperia 1 IV,Oxygen OS is better than before!,$686,OnePlus Official
Motorola Edge 30,"Battery life is awesome, but expensive.",$608,Best Buy
Google Pixel 7,Cheap & powerful!,$507,Amazon
Motorola Edge 30,"Excellent camera, but slow software updates.",$631,Google Store
Asus ROG Phone 6,"Stock Android is smooth, but no free case.",$303,Best Buy
Sony Xperia 1 IV,"Perfect for gaming, but poor battery life.",$325,OnePlus Official
OnePlus 11,"Premium design, but lacks headphone jack.",$747,AliExpress
Motorola Edge 30,Cheap & powerful!,$575,OnePlus Official
Realme GT 2,"Stock Android is smooth, but no free case.",$1066,Walmart
Realme GT 2,"Stock Android is smooth, but no free case.",$749,Best Buy
Xiaomi Redmi Note 12,"Perfect for gaming, but poor battery life.",$680,Walmart
Samsung Galaxy S23,"Stock Android is smooth, but no free case.",$850,Samsung Shop
Asus ROG Phone 6,Affordable and reliable!,$450,Amazon
Sony Xperia 1 IV,"Excellent camera, but slow software updates.",$355,Best Buy
OnePlus 11,"Good performance, but heating issue.",$985,eBay
Asus ROG Phone 6,"Premium design, but lacks headphone jack.",$560,Flipkart
iPhone 14,Great phone! Amazing camera ðŸ“¸,$1018,Samsung Shop
Samsung Galaxy S23,"Stock Android is smooth, but no free case.",$398,Samsung Shop
Motorola Edge 30,Affordable and reliable!,$629,AliExpress
Asus ROG Phone 6,"Excellent camera, but slow software updates.",$1002,eBay
Huawei P50,"Premium design, but lacks headphone jack.",$988,eBay
iPhone 14,"Perfect for gaming, but poor battery life.",$1176,Google Store
Realme GT 2,Great phone! Amazing camera ðŸ“¸,$607,Samsung Shop
Huawei P50,"Battery life is awesome, but expensive.",$1252,OnePlus Official
OnePlus 11,Cheap & powerful!,$764,Best Buy
Asus ROG Phone 6,"Perfect for gaming, but poor battery life.",$616,OnePlus Official
Huawei P50,"Battery life is awesome, but expensive.",$346,Samsung Shop
Xiaomi Redmi Note 12,Great phone! Amazing camera ðŸ“¸,$1109,Walmart
OnePlus 11,"Good performance, but heating issue.",$782,eBay
Asus ROG Phone 6,Affordable and reliable!,$367,Amazon
Sony Xperia 1 IV,Cheap & powerful!,$659,Samsung Shop
Samsung Galaxy S23,"Perfect for gaming, but poor battery life.",$902,eBay
iPhone 14,"Stock Android is smooth, but no free case.",$1187,Walmart
Asus ROG Phone 6,"Good performance, but heating issue.",$1292,eBay
iPhone 14,Affordable and reliable!,$648,Best Buy
Huawei P50,"Good performance, but heating issue.",$307,Samsung Shop
Samsung Galaxy S23,Cheap & powerful!,$765,Google Store
Sony Xperia 1 IV,Oxygen OS is better than before!,$813,Newegg
Samsung Galaxy S23,"Excellent camera, but slow software updates.",$573,Newegg
Realme GT 2,Affordable and reliable!,$651,Flipkart
iPhone 14,"Battery life is awesome, but expensive.",$357,Flipkart
Realme GT 2,"Excellent camera, but slow software updates.",$914,Newegg
OnePlus 11,"Excellent camera, but slow software updates.",$828,Google Store
Google Pixel 7,Oxygen OS is better than before!,$423,Best Buy
OnePlus 11,"Battery life is awesome, but expensive.",$1139,Newegg
Google Pixel 7,"Good performance, but heating issue.",$1133,Best Buy
Samsung Galaxy S23,"Battery life is awesome, but expensive.",$424,Walmart
iPhone 14,"Stock Android is smooth, but no free case.",$1056,Amazon
Sony Xperia 1 IV,"Good performance, but heating issue.",$1218,Best Buy
OnePlus 11,"Excellent camera, but slow software updates.",$478,Samsung Shop
Huawei P50,"Battery life is awesome, but expensive.",$928,Walmart
Samsung Galaxy S23,Affordable and reliable!,$492,Walmart
Google Pixel 7,Great phone! Amazing camera ðŸ“¸,$972,OnePlus Official
Xiaomi Redmi Note 12,Great phone! Amazing camera ðŸ“¸,$644,eBay
Motorola Edge 30,Oxygen OS is better than before!,$991,Newegg
iPhone 14,"Stock Android is smooth, but no free case.",$1091,Walmart
Huawei P50,Oxygen OS is better than before!,$1020,Google Store
Xiaomi Redmi Note 12,"Good performance, but heating issue.",$427,Amazon
Sony Xperia 1 IV,"Stock Android is smooth, but no free case.",$478,OnePlus Official
Samsung Galaxy S23,"Excellent camera, but slow software updates.",$1110,eBay
Xiaomi Redmi Note 12,Oxygen OS is better than before!,$832,Samsung Shop
Sony Xperia 1 IV,"Excellent camera, but slow software updates.",$1216,Google Store
Samsung Galaxy S23,"Premium design, but lacks headphone jack.",$345,AliExpress
Asus ROG Phone 6,"Perfect for gaming, but poor battery life.",$1277,AliExpress
Sony Xperia 1 IV,"Premium design, but lacks headphone jack.",$673,Walmart
Motorola Edge 30,"Battery life is awesome, but expensive.",$977,AliExpress
Motorola Edge 30,Great phone! Amazing camera ðŸ“¸,$1250,OnePlus Official
Sony Xperia 1 IV,Great phone! Amazing camera ðŸ“¸,$813,Newegg
Huawei P50,Oxygen OS is better than before!,$1170,Amazon
Xiaomi Redmi Note 12,Cheap & powerful!,$874,OnePlus Official
Asus ROG Phone 6,"Good performance, but heating issue.",$835,eBay
Huawei P50,Cheap & powerful!,$1078,OnePlus Official
Asus ROG Phone 6,Great phone! Amazing camera ðŸ“¸,$754,Flipkart
Google Pixel 7,"Excellent camera, but slow software updates.",$830,eBay
Huawei P50,"Premium design, but lacks headphone jack.",$1070,Amazon
OnePlus 11,Affordable and reliable!,$931,Samsung Shop
Huawei P50,"Excellent camera, but slow software updates.",$816,Walmart
Huawei P50,Affordable and reliable!,$445,eBay
Motorola Edge 30,"Good performance, but heating issue.",$334,eBay
Asus ROG Phone 6,"Battery life is awesome, but expensive.",$563,OnePlus Official
Motorola Edge 30,Great phone! Amazing camera ðŸ“¸,$1217,Samsung Shop
OnePlus 11,"Good performance, but heating issue.",$980,OnePlus Official
Realme GT 2,"Stock Android is smooth, but no free case.",$1133,Walmart
Asus ROG Phone 6,Great phone! Amazing camera ðŸ“¸,$673,Best Buy
Samsung Galaxy S23,"Perfect for gaming, but poor battery life.",$1005,Samsung Shop
Google Pixel 7,"Battery life is awesome, but expensive.",$457,eBay
Xiaomi Redmi Note 12,Cheap & powerful!,$556,Best Buy
Google Pixel 7,Cheap & powerful!,$838,Samsung Shop
iPhone 14,Cheap & powerful!,$1265,Amazon
Sony Xperia 1 IV,"Good performance, but heating issue.",$674,OnePlus Official
Xiaomi Redmi Note 12,"Good performance, but heating issue.",$1242,Google Store
Motorola Edge 30,"Good performance, but heating issue.",$506,Google Store
Samsung Galaxy S23,"Premium design, but lacks headphone jack.",$1175,Flipkart
Google Pixel 7,Oxygen OS is better than before!,$551,Newegg
Sony Xperia 1 IV,"Stock Android is smooth, but no free case.",$375,Samsung Shop
Google Pixel 7,"Excellent camera, but slow software updates.",$436,OnePlus Official
Google Pixel 7,Cheap & powerful!,$1293,Flipkart
Xiaomi Redmi Note 12,Cheap & powerful!,$671,Flipkart
Xiaomi Redmi Note 12,"Perfect for gaming, but poor battery life.",$577,OnePlus Official
Huawei P50,Oxygen OS is better than before!,$391,Best Buy
Huawei P50,Oxygen OS is better than before!,$434,eBay
Asus ROG Phone 6,"Premium design, but lacks headphone jack.",$683,Samsung Shop
Motorola Edge 30,"Perfect for gaming, but poor battery life.",$995,eBay
Sony Xperia 1 IV,Great phone! Amazing camera ðŸ“¸,$620,eBay
Xiaomi Redmi Note 12,Cheap & powerful!,$1142,Amazon
Huawei P50,"Good performance, but heating issue.",$641,Google Store
Sony Xperia 1 IV,"Perfect for gaming, but poor battery life.",$837,AliExpress
Realme GT 2,Oxygen OS is better than before!,$309,OnePlus Official
Samsung Galaxy S23,"Good performance, but heating issue.",$928,Google Store
Sony Xperia 1 IV,"Good performance, but heating issue.",$833,AliExpress
iPhone 14,"Stock Android is smooth, but no free case.",$437,Best Buy
Google Pixel 7,Cheap & powerful!,$844,Amazon
Asus ROG Phone 6,"Battery life is awesome, but expensive.",$1289,OnePlus Official
OnePlus 11,Cheap & powerful!,$322,Google Store
Motorola Edge 30,"Battery life is awesome, but expensive.",$869,Amazon
Motorola Edge 30,Cheap & powerful!,$1041,Flipkart
Asus ROG Phone 6,"Battery life is awesome, but expensive.",$570,OnePlus Official
Samsung Galaxy S23,Great phone! Amazing camera ðŸ“¸,$728,Google Store
Realme GT 2,Great phone! Amazing camera ðŸ“¸,$956,Walmart
OnePlus 11,Great phone! Amazing camera ðŸ“¸,$953,Amazon
OnePlus 11,"Stock Android is smooth, but no free case.",$979,Google Store
Sony Xperia 1 IV,Great phone! Amazing camera ðŸ“¸,$866,Samsung Shop
Huawei P50,"Good performance, but heating issue.",$1127,Samsung Shop
Motorola Edge 30,"Excellent camera, but slow software updates.",$1019,AliExpress
OnePlus 11,Affordable and reliable!,$470,Flipkart
Asus ROG Phone 6,"Perfect for gaming, but poor battery life.",$354,Samsung Shop
OnePlus 11,Affordable and reliable!,$599,Best Buy
iPhone 14,Oxygen OS is better than before!,$762,Flipkart
Samsung Galaxy S23,"Battery life is awesome, but expensive.",$1114,eBay
Samsung Galaxy S23,Affordable and reliable!,$669,Amazon
Huawei P50,"Battery life is awesome, but expensive.",$872,Google Store
Google Pixel 7,Cheap & powerful!,$697,Walmart
iPhone 14,Great phone! Amazing camera ðŸ“¸,$396,Google Store
Asus ROG Phone 6,Cheap & powerful!,$876,OnePlus Official
Realme GT 2,Oxygen OS is better than before!,$514,Flipkart
Realme GT 2,"Perfect for gaming, but poor battery life.",$1168,eBay
Huawei P50,"Perfect for gaming, but poor battery life.",$702,AliExpress
iPhone 14,"Stock Android is smooth, but no free case.",$588,AliExpress
Samsung Galaxy S23,Cheap & powerful!,$1293,Flipkart
Samsung Galaxy S23,"Good performance, but heating issue.",$375,Amazon
Realme GT 2,Great phone! Amazing camera ðŸ“¸,$611,Flipkart
Sony Xperia 1 IV,"Stock Android is smooth, but no free case.",$500,Flipkart
Samsung Galaxy S23,"Excellent camera, but slow software updates.",$604,Best Buy
Google Pixel 7,"Good performance, but heating issue.",$1220,Newegg
OnePlus 11,Great phone! Amazing camera ðŸ“¸,$629,Flipkart
Xiaomi Redmi Note 12,"Battery life is awesome, but expensive.",$981,Walmart
Samsung Galaxy S23,"Stock Android is smooth, but no free case.",$341,Samsung Shop
Xiaomi Redmi Note 12,"Perfect for gaming, but poor battery life.",$1069,eBay
Google Pixel 7,Oxygen OS is better than before!,$583,Google Store
Xiaomi Redmi Note 12,"Stock Android is smooth, but no free case.",$829,Google Store
iPhone 14,Cheap & powerful!,$1013,AliExpress
Google Pixel 7,"Perfect for gaming, but poor battery life.",$475,AliExpress
Google Pixel 7,"Premium design, but lacks headphone jack.",$1001,Best Buy
Huawei P50,"Stock Android is smooth, but no free case.",$474,Newegg
Sony Xperia 1 IV,Cheap & powerful!,$404,eBay
OnePlus 11,Oxygen OS is better than before!,$488,eBay
Asus ROG Phone 6,Affordable and reliable!,$860,Samsung Shop
Xiaomi Redmi Note 12,"Good performance, but heating issue.",$377,Best Buy
Motorola Edge 30,"Stock Android is smooth, but no free case.",$959,AliExpress
Motorola Edge 30,"Premium design, but lacks headphone jack.",$1077,OnePlus Official
Asus ROG Phone 6,"Excellent camera, but slow software updates.",$516,AliExpress
Xiaomi Redmi Note 12,Cheap & powerful!,$639,AliExpress
Xiaomi Redmi Note 12,Cheap & powerful!,$1204,Google Store
Asus ROG Phone 6,"Good performance, but heating issue.",$1100,Amazon
Samsung Galaxy S23,"Stock Android is smooth, but no free case.",$925,Google Store
iPhone 14,"Perfect for gaming, but poor battery life.",$1083,OnePlus Official
Samsung Galaxy S23,"Perfect for gaming, but poor battery life.",$817,Newegg
Huawei P50,Cheap & powerful!,$704,Best Buy
Motorola Edge 30,"Battery life is awesome, but expensive.",$623,Google Store
Samsung Galaxy S23,Oxygen OS is better than before!,$1298,Walmart
iPhone 14,"Premium design, but lacks headphone jack.",$712,AliExpress
Realme GT 2,"Stock Android is smooth, but no free case.",$538,eBay
iPhone 14,"Premium design, but lacks headphone jack.",$580,AliExpress
Asus ROG Phone 6,"Excellent camera, but slow software updates.",$339,AliExpress
Sony Xperia 1 IV,Cheap & powerful!,$514,Walmart
Sony Xperia 1 IV,"Excellent camera, but slow software updates.",$990,Google Store
Samsung Galaxy S23,Great phone! Amazing camera ðŸ“¸,$1122,Google Store
OnePlus 11,Oxygen OS is better than before!,$687,Best Buy
Samsung Galaxy S23,"Excellent camera, but slow software updates.",$908,OnePlus Official
Google Pixel 7,"Excellent camera, but slow software updates.",$804,Amazon
Asus ROG Phone 6,"Good performance, but heating issue.",$1282,Newegg
OnePlus 11,"Premium design, but lacks headphone jack.",$389,Newegg
Google Pixel 7,"Stock Android is smooth, but no free case.",$441,Amazon
Sony Xperia 1 IV,Affordable and reliable!,$400,Newegg
Samsung Galaxy S23,Cheap & powerful!,$806,Samsung Shop
Motorola Edge 30,"Premium design, but lacks headphone jack.",$1084,Walmart
Samsung Galaxy S23,"Perfect for gaming, but poor battery life.",$712,Walmart
OnePlus 11,"Stock Android is smooth, but no free case.",$827,Walmart
Samsung Galaxy S23,Great phone! Amazing camera ðŸ“¸,$348,Walmart
Samsung Galaxy S23,"Stock Android is smooth, but no free case.",$1139,Google Store
Huawei P50,"Battery life is awesome, but expensive.",$1010,OnePlus Official
Huawei P50,"Premium design, but lacks headphone jack.",$330,Best Buy
Realme GT 2,Cheap & powerful!,$615,OnePlus Official
OnePlus 11,"Perfect for gaming, but poor battery life.",$328,Samsung Shop
iPhone 14,"Stock Android is smooth, but no free case.",$913,Samsung Shop
OnePlus 11,"Premium design, but lacks headphone jack.",$1274,AliExpress
Sony Xperia 1 IV,"Premium design, but lacks headphone jack.",$818,Best Buy
Sony Xperia 1 IV,"Premium design, but lacks headphone jack.",$376,Google Store
Sony Xperia 1 IV,"Good performance, but heating issue.",$696,OnePlus Official
OnePlus 11,"Battery life is awesome, but expensive.",$1177,OnePlus Official
Motorola Edge 30,Affordable and reliable!,$860,Flipkart
Samsung Galaxy S23,"Premium design, but lacks headphone jack.",$425,Flipkart
OnePlus 11,"Premium design, but lacks headphone jack.",$1047,Amazon
Realme GT 2,"Stock Android is smooth, but no free case.",$369,Google Store
Sony Xperia 1 IV,"Excellent camera, but slow software updates.",$1072,AliExpress
iPhone 14,Great phone! Amazing camera ðŸ“¸,$670,Newegg
Samsung Galaxy S23,"Stock Android is smooth, but no free case.",$638,Best Buy
Asus ROG Phone 6,"Premium design, but lacks headphone jack.",$987,AliExpress
Motorola Edge 30,"Battery life is awesome, but expensive.",$468,Google Store
Asus ROG Phone 6,"Perfect for gaming, but poor battery life.",$774,Samsung Shop
Huawei P50,"Premium design, but lacks headphone jack.",$1160,Flipkart
Xiaomi Redmi Note 12,Affordable and reliable!,$432,Samsung Shop
Sony Xperia 1 IV,"Good performance, but heating issue.",$655,Best Buy
OnePlus 11,"Premium design, but lacks headphone jack.",$663,Flipkart
Motorola Edge 30,Great phone! Amazing camera ðŸ“¸,$659,Flipkart
Samsung Galaxy S23,"Premium design, but lacks headphone jack.",$581,Walmart
iPhone 14,Great phone! Amazing camera ðŸ“¸,$649,Flipkart
Huawei P50,"Good performance, but heating issue.",$657,Google Store
Asus ROG Phone 6,"Good performance, but heating issue.",$831,AliExpress
Asus ROG Phone 6,"Premium design, but lacks headphone jack.",$489,Samsung Shop
Asus ROG Phone 6,"Excellent camera, but slow software updates.",$834,Samsung Shop
Samsung Galaxy S23,Oxygen OS is better than before!,$603,Samsung Shop
Samsung Galaxy S23,Oxygen OS is better than before!,$888,Flipkart
Huawei P50,"Good performance, but heating issue.",$510,Walmart
Google Pixel 7,Affordable and reliable!,$957,Samsung Shop
Xiaomi Redmi Note 12,"Perfect for gaming, but poor battery life.",$835,eBay
iPhone 14,"Battery life is awesome, but expensive.",$1004,eBay
Google Pixel 7,"Good performance, but heating issue.",$981,Samsung Shop
Asus ROG Phone 6,Cheap & powerful!,$435,Amazon
Xiaomi Redmi Note 12,"Excellent camera, but slow software updates.",$938,Samsung Shop
Huawei P50,"Stock Android is smooth, but no free case.",$465,Walmart
Asus ROG Phone 6,Oxygen OS is better than before!,$313,OnePlus Official
Huawei P50,"Battery life is awesome, but expensive.",$675,Flipkart
Samsung Galaxy S23,"Perfect for gaming, but poor battery life.",$988,Best Buy
Google Pixel 7,"Excellent camera, but slow software updates.",$310,Amazon
Asus ROG Phone 6,Oxygen OS is better than before!,$913,Best Buy
iPhone 14,"Excellent camera, but slow software updates.",$636,AliExpress
OnePlus 11,"Good performance, but heating issue.",$819,eBay
Motorola Edge 30,"Battery life is awesome, but expensive.",$1110,Walmart
Google Pixel 7,Great phone! Amazing camera ðŸ“¸,$393,Walmart
Realme GT 2,"Good performance, but heating issue.",$972,OnePlus Official
OnePlus 11,"Stock Android is smooth, but no free case.",$965,Samsung Shop
iPhone 14,"Stock Android is smooth, but no free case.",$694,eBay
Motorola Edge 30,Cheap & powerful!,$1125,Walmart
Motorola Edge 30,"Premium design, but lacks headphone jack.",$349,OnePlus Official
Sony Xperia 1 IV,"Excellent camera, but slow software updates.",$813,Samsung Shop
iPhone 14,"Premium design, but lacks headphone jack.",$612,OnePlus Official
Asus ROG Phone 6,"Perfect for gaming, but poor battery life.",$895,OnePlus Official
iPhone 14,"Stock Android is smooth, but no free case.",$475,OnePlus Official
Google Pixel 7,"Stock Android is smooth, but no free case.",$943,AliExpress
Google Pixel 7,Oxygen OS is better than before!,$643,Flipkart
Xiaomi Redmi Note 12,Great phone! Amazing camera ðŸ“¸,$1237,OnePlus Official
OnePlus 11,"Stock Android is smooth, but no free case.",$1061,Google Store
OnePlus 11,Cheap & powerful!,$841,Flipkart
Huawei P50,"Excellent camera, but slow software updates.",$323,Flipkart
Samsung Galaxy S23,Oxygen OS is better than before!,$1130,Google Store
Xiaomi Redmi Note 12,Great phone! Amazing camera ðŸ“¸,$537,AliExpress
Motorola Edge 30,"Good performance, but heating issue.",$1165,Newegg
OnePlus 11,"Good performance, but heating issue.",$1233,eBay
Huawei P50,"Battery life is awesome, but expensive.",$882,Flipkart
Asus ROG Phone 6,Great phone! Amazing camera ðŸ“¸,$377,Samsung Shop
Motorola Edge 30,"Excellent camera, but slow software updates.",$733,Flipkart
OnePlus 11,"Perfect for gaming, but poor battery life.",$440,Newegg
Motorola Edge 30,Affordable and reliable!,$1067,AliExpress
OnePlus 11,Cheap & powerful!,$1056,Walmart
iPhone 14,Great phone! Amazing camera ðŸ“¸,$768,AliExpress
Realme GT 2,Affordable and reliable!,$536,Newegg
Asus ROG Phone 6,Great phone! Amazing camera ðŸ“¸,$1029,eBay
Sony Xperia 1 IV,Affordable and reliable!,$414,Google Store
iPhone 14,Great phone! Amazing camera ðŸ“¸,$583,eBay
Realme GT 2,"Stock Android is smooth, but no free case.",$1283,eBay
Google Pixel 7,Affordable and reliable!,$654,Best Buy
Huawei P50,"Excellent camera, but slow software updates.",$363,Amazon
Sony Xperia 1 IV,Great phone! Amazing camera ðŸ“¸,$423,OnePlus Official
Samsung Galaxy S23,Cheap & powerful!,$568,Newegg
Motorola Edge 30,Oxygen OS is better than before!,$893,AliExpress
Google Pixel 7,Oxygen OS is better than before!,$1051,Samsung Shop
Motorola Edge 30,"Excellent camera, but slow software updates.",$491,Google Store
Realme GT 2,"Stock Android is smooth, but no free case.",$726,Amazon
Sony Xperia 1 IV,Great phone! Amazing camera ðŸ“¸,$308,Google Store
Asus ROG Phone 6,Cheap & powerful!,$973,Amazon
Samsung Galaxy S23,Affordable and reliable!,$439,Flipkart
Realme GT 2,Affordable and reliable!,$721,Newegg
Huawei P50,Great phone! Amazing camera ðŸ“¸,$1136,Samsung Shop
Motorola Edge 30,Great phone! Amazing camera ðŸ“¸,$1246,Amazon
Huawei P50,"Premium design, but lacks headphone jack.",$1270,AliExpress
Asus ROG Phone 6,"Perfect for gaming, but poor battery life.",$1080,Flipkart
Huawei P50,"Good performance, but heating issue.",$365,OnePlus Official
Asus ROG Phone 6,Oxygen OS is better than before!,$494,Walmart
Google Pixel 7,"Stock Android is smooth, but no free case.",$773,OnePlus Official
Google Pixel 7,"Battery life is awesome, but expensive.",$548,eBay
Asus ROG Phone 6,Oxygen OS is better than before!,$556,Amazon
Motorola Edge 30,"Battery life is awesome, but expensive.",$958,Best Buy
Samsung Galaxy S23,"Premium design, but lacks headphone jack.",$619,Google Store
Xiaomi Redmi Note 12,Oxygen OS is better than before!,$440,AliExpress
Sony Xperia 1 IV,"Perfect for gaming, but poor battery life.",$867,Samsung Shop
Xiaomi Redmi Note 12,"Premium design, but lacks headphone jack.",$957,Amazon
Realme GT 2,Oxygen OS is better than before!,$334,Samsung Shop
Motorola Edge 30,"Stock Android is smooth, but no free case.",$364,Google Store
Asus ROG Phone 6,Oxygen OS is better than before!,$900,Newegg
Google Pixel 7,"Excellent camera, but slow software updates.",$1236,OnePlus Official
Xiaomi Redmi Note 12,Oxygen OS is better than before!,$994,Samsung Shop
Samsung Galaxy S23,"Stock Android is smooth, but no free case.",$436,Google Store
Sony Xperia 1 IV,"Premium design, but lacks headphone jack.",$834,OnePlus Official
Xiaomi Redmi Note 12,"Perfect for gaming, but poor battery life.",$655,Google Store
Huawei P50,"Premium design, but lacks headphone jack.",$977,Google Store
Asus ROG Phone 6,Cheap & powerful!,$908,Amazon
Asus ROG Phone 6,"Premium design, but lacks headphone jack.",$801,eBay
OnePlus 11,"Perfect for gaming, but poor battery life.",$1229,Flipkart
Xiaomi Redmi Note 12,Cheap & powerful!,$639,Google Store
Sony Xperia 1 IV,"Perfect for gaming, but poor battery life.",$410,AliExpress
Asus ROG Phone 6,"Premium design, but lacks headphone jack.",$411,OnePlus Official
OnePlus 11,"Premium design, but lacks headphone jack.",$1173,Walmart
Samsung Galaxy S23,Affordable and reliable!,$426,OnePlus Official
Google Pixel 7,Great phone! Amazing camera ðŸ“¸,$1190,Flipkart
iPhone 14,"Good performance, but heating issue.",$605,Walmart
Sony Xperia 1 IV,"Good performance, but heating issue.",$948,Samsung Shop
Motorola Edge 30,Great phone! Amazing camera ðŸ“¸,$481,Flipkart
Realme GT 2,Oxygen OS is better than before!,$605,Amazon
Samsung Galaxy S23,"Good performance, but heating issue.",$1039,Samsung Shop
Samsung Galaxy S23,"Good performance, but heating issue.",$1202,Walmart
Sony Xperia 1 IV,Affordable and reliable!,$566,Best Buy
Huawei P50,"Stock Android is smooth, but no free case.",$482,Newegg
iPhone 14,"Stock Android is smooth, but no free case.",$589,Google Store
iPhone 14,Cheap & powerful!,$411,Google Store
Realme GT 2,"Premium design, but lacks headphone jack.",$912,AliExpress
Google Pixel 7,Oxygen OS is better than before!,$313,eBay
Samsung Galaxy S23,"Stock Android is smooth, but no free case.",$1125,Samsung Shop
OnePlus 11,Cheap & powerful!,$632,Google Store
Motorola Edge 30,"Stock Android is smooth, but no free case.",$1107,Best Buy
Realme GT 2,"Premium design, but lacks headphone jack.",$468,Best Buy
Realme GT 2,"Perfect for gaming, but poor battery life.",$695,Samsung Shop
Realme GT 2,"Stock Android is smooth, but no free case.",$504,Newegg
OnePlus 11,"Perfect for gaming, but poor battery life.",$812,Amazon
Huawei P50,"Stock Android is smooth, but no free case.",$1185,Samsung Shop
iPhone 14,"Premium design, but lacks headphone jack.",$563,Walmart
Asus ROG Phone 6,Oxygen OS is better than before!,$773,OnePlus Official
Asus ROG Phone 6,"Good performance, but heating issue.",$915,Walmart
Motorola Edge 30,"Premium design, but lacks headphone jack.",$1258,Amazon
Huawei P50,"Perfect for gaming, but poor battery life.",$834,Best Buy
Sony Xperia 1 IV,"Battery life is awesome, but expensive.",$1081,Flipkart
Realme GT 2,Great phone! Amazing camera ðŸ“¸,$1137,Walmart
Google Pixel 7,"Stock Android is smooth, but no free case.",$560,Google Store
Samsung Galaxy S23,Cheap & powerful!,$528,Samsung Shop
Motorola Edge 30,"Good performance, but heating issue.",$552,eBay
Motorola Edge 30,"Excellent camera, but slow software updates.",$611,Amazon
Huawei P50,"Battery life is awesome, but expensive.",$880,AliExpress
Asus ROG Phone 6,Affordable and reliable!,$304,Walmart
OnePlus 11,Affordable and reliable!,$771,AliExpress
Asus ROG Phone 6,"Good performance, but heating issue.",$335,Newegg
Google Pixel 7,Oxygen OS is better than before!,$400,Amazon
iPhone 14,Oxygen OS is better than before!,$695,Best Buy
Realme GT 2,Oxygen OS is better than before!,$1167,Flipkart
Xiaomi Redmi Note 12,"Stock Android is smooth, but no free case.",$963,Best Buy
Asus ROG Phone 6,"Perfect for gaming, but poor battery life.",$732,Flipkart
Huawei P50,"Battery life is awesome, but expensive.",$616,Best Buy
Sony Xperia 1 IV,Great phone! Amazing camera ðŸ“¸,$368,OnePlus Official
Xiaomi Redmi Note 12,"Premium design, but lacks headphone jack.",$458,Samsung Shop
Xiaomi Redmi Note 12,Oxygen OS is better than before!,$341,Best Buy
Samsung Galaxy S23,Oxygen OS is better than before!,$729,Samsung Shop
Google Pixel 7,"Stock Android is smooth, but no free case.",$1000,Walmart
Asus ROG Phone 6,"Perfect for gaming, but poor battery life.",$552,Google Store
iPhone 14,"Premium design, but lacks headphone jack.",$551,Flipkart
Samsung Galaxy S23,Oxygen OS is better than before!,$503,Flipkart
Asus ROG Phone 6,Oxygen OS is better than before!,$1031,Samsung Shop
OnePlus 11,Affordable and reliable!,$712,Flipkart
Sony Xperia 1 IV,"Stock Android is smooth, but no free case.",$705,Google Store
Sony Xperia 1 IV,Cheap & powerful!,$649,Newegg
Motorola Edge 30,"Good performance, but heating issue.",$717,OnePlus Official
Samsung Galaxy S23,Cheap & powerful!,$850,Newegg
iPhone 14,"Perfect for gaming, but poor battery life.",$864,AliExpress
Xiaomi Redmi Note 12,"Premium design, but lacks headphone jack.",$1145,Google Store
Motorola Edge 30,"Premium design, but lacks headphone jack.",$635,Samsung Shop
Samsung Galaxy S23,Cheap & powerful!,$1264,Flipkart
Google Pixel 7,"Perfect for gaming, but poor battery life.",$1062,Flipkart
Xiaomi Redmi Note 12,"Excellent camera, but slow software updates.",$1094,Samsung Shop
Google Pixel 7,"Perfect for gaming, but poor battery life.",$1265,Newegg
Google Pixel 7,Oxygen OS is better than before!,$1056,OnePlus Official
Realme GT 2,"Excellent camera, but slow software updates.",$1253,Walmart
Samsung Galaxy S23,"Excellent camera, but slow software updates.",$1127,Best Buy
Google Pixel 7,Affordable and reliable!,$510,AliExpress
OnePlus 11,"Excellent camera, but slow software updates.",$1177,AliExpress
Huawei P50,Affordable and reliable!,$1164,Flipkart
Realme GT 2,"Perfect for gaming, but poor battery life.",$1134,Google Store
Xiaomi Redmi Note 12,"Perfect for gaming, but poor battery life.",$951,OnePlus Official
Samsung Galaxy S23,"Battery life is awesome, but expensive.",$1104,AliExpress
Google Pixel 7,Cheap & powerful!,$765,Samsung Shop
Xiaomi Redmi Note 12,Cheap & powerful!,$902,Best Buy
Realme GT 2,"Battery life is awesome, but expensive.",$826,Flipkart
Xiaomi Redmi Note 12,"Excellent camera, but slow software updates.",$931,Newegg
Sony Xperia 1 IV,"Stock Android is smooth, but no free case.",$1275,OnePlus Official
Xiaomi Redmi Note 12,"Excellent camera, but slow software updates.",$806,OnePlus Official
iPhone 14,"Excellent camera, but slow software updates.",$796,Best Buy
Motorola Edge 30,"Stock Android is smooth, but no free case.",$507,AliExpress
Realme GT 2,Great phone! Amazing camera ðŸ“¸,$1280,Best Buy
Sony Xperia 1 IV,"Excellent camera, but slow software updates.",$1248,Amazon
Realme GT 2,"Perfect for gaming, but poor battery life.",$1273,Best Buy
Asus ROG Phone 6,"Perfect for gaming, but poor battery life.",$349,Walmart
Sony Xperia 1 IV,"Stock Android is smooth, but no free case.",$435,Walmart
Xiaomi Redmi Note 12,"Battery life is awesome, but expensive.",$882,Amazon
Realme GT 2,"Good performance, but heating issue.",$1092,Newegg
Xiaomi Redmi Note 12,"Stock Android is smooth, but no free case.",$914,AliExpress
Huawei P50,"Premium design, but lacks headphone jack.",$954,Samsung Shop
Google Pixel 7,Great phone! Amazing camera ðŸ“¸,$303,Walmart
Sony Xperia 1 IV,"Good performance, but heating issue.",$629,Google Store
Xiaomi Redmi Note 12,Cheap & powerful!,$567,Walmart
Samsung Galaxy S23,"Premium design, but lacks headphone jack.",$1071,Best Buy
Motorola Edge 30,"Battery life is awesome, but expensive.",$1233,Flipkart
Asus ROG Phone 6,Affordable and reliable!,$1083,Amazon
iPhone 14,Cheap & powerful!,$462,AliExpress
Asus ROG Phone 6,"Stock Android is smooth, but no free case.",$806,Amazon
Asus ROG Phone 6,"Perfect for gaming, but poor battery life.",$939,Samsung Shop
OnePlus 11,"Good performance, but heating issue.",$672,eBay
iPhone 14,"Stock Android is smooth, but no free case.",$869,Flipkart
Asus ROG Phone 6,Great phone! Amazing camera ðŸ“¸,$543,OnePlus Official
Motorola Edge 30,"Battery life is awesome, but expensive.",$1152,Newegg
Motorola Edge 30,Oxygen OS is better than before!,$355,Google Store
Realme GT 2,Affordable and reliable!,$1119,Amazon
Huawei P50,Great phone! Amazing camera ðŸ“¸,$947,Walmart
Realme GT 2,"Battery life is awesome, but expensive.",$1197,Samsung Shop
Huawei P50,"Perfect for gaming, but poor battery life.",$713,OnePlus Official
iPhone 14,Affordable and reliable!,$941,Newegg
Xiaomi Redmi Note 12,"Stock Android is smooth, but no free case.",$735,Best Buy
Google Pixel 7,"Stock Android is smooth, but no free case.",$976,Amazon
Huawei P50,"Perfect for gaming, but poor battery life.",$867,Newegg
Realme GT 2,"Premium design, but lacks headphone jack.",$657,Best Buy
Google Pixel 7,Affordable and reliable!,$938,Newegg
Asus ROG Phone 6,Oxygen OS is better than before!,$710,AliExpress
Huawei P50,"Excellent camera, but slow software updates.",$1253,OnePlus Official
OnePlus 11,"Premium design, but lacks headphone jack.",$990,AliExpress
Google Pixel 7,Affordable and reliable!,$1058,AliExpress
Huawei P50,"Good performance, but heating issue.",$311,Best Buy
Google Pixel 7,Affordable and reliable!,$551,eBay
OnePlus 11,"Battery life is awesome, but expensive.",$854,Amazon
Google Pixel 7,"Battery life is awesome, but expensive.",$690,Walmart
OnePlus 11,Great phone! Amazing camera ðŸ“¸,$391,AliExpress
Huawei P50,"Perfect for gaming, but poor battery life.",$363,Walmart
Samsung Galaxy S23,Cheap & powerful!,$1093,OnePlus Official
OnePlus 11,Affordable and reliable!,$1189,Newegg
Xiaomi Redmi Note 12,Affordable and reliable!,$1199,eBay
Xiaomi Redmi Note 12,Oxygen OS is better than before!,$517,Newegg
OnePlus 11,Oxygen OS is better than before!,$368,Newegg
Xiaomi Redmi Note 12,Great phone! Amazing camera ðŸ“¸,$1018,Newegg
Xiaomi Redmi Note 12,"Excellent camera, but slow software updates.",$931,OnePlus Official
Sony Xperia 1 IV,"Good performance, but heating issue.",$595,Samsung Shop
Samsung Galaxy S23,"Stock Android is smooth, but no free case.",$1024,AliExpress
OnePlus 11,Affordable and reliable!,$851,eBay
Realme GT 2,"Good performance, but heating issue.",$1029,Walmart
Xiaomi Redmi Note 12,"Stock Android is smooth, but no free case.",$887,AliExpress
Huawei P50,"Good performance, but heating issue.",$662,Google Store
Samsung Galaxy S23,"Battery life is awesome, but expensive.",$1198,Google Store
Google Pixel 7,"Stock Android is smooth, but no free case.",$462,Flipkart
Asus ROG Phone 6,Affordable and reliable!,$887,Samsung Shop
Sony Xperia 1 IV,"Excellent camera, but slow software updates.",$458,AliExpress
iPhone 14,Great phone! Amazing camera ðŸ“¸,$782,AliExpress
OnePlus 11,"Stock Android is smooth, but no free case.",$1260,AliExpress
Huawei P50,"Perfect for gaming, but poor battery life.",$1053,Walmart
Samsung Galaxy S23,"Stock Android is smooth, but no free case.",$420,Google Store
iPhone 14,"Premium design, but lacks headphone jack.",$533,Best Buy
Xiaomi Redmi Note 12,Great phone! Amazing camera ðŸ“¸,$642,Walmart
Sony Xperia 1 IV,"Premium design, but lacks headphone jack.",$915,Walmart
Asus ROG Phone 6,"Stock Android is smooth, but no free case.",$1098,OnePlus Official
Xiaomi Redmi Note 12,Affordable and reliable!,$680,Flipkart
Samsung Galaxy S23,"Battery life is awesome, but expensive.",$1100,Newegg
Motorola Edge 30,Oxygen OS is better than before!,$577,Flipkart
Samsung Galaxy S23,Affordable and reliable!,$552,Samsung Shop
Realme GT 2,"Stock Android is smooth, but no free case.",$596,eBay
Sony Xperia 1 IV,Oxygen OS is better than before!,$1114,Google Store
OnePlus 11,Cheap & powerful!,$1119,Newegg
Sony Xperia 1 IV,"Stock Android is smooth, but no free case.",$1150,Newegg
OnePlus 11,"Battery life is awesome, but expensive.",$594,OnePlus Official
Motorola Edge 30,"Perfect for gaming, but poor battery life.",$1251,eBay
Sony Xperia 1 IV,Cheap & powerful!,$416,Amazon
Sony Xperia 1 IV,Great phone! Amazing camera ðŸ“¸,$362,Amazon
Motorola Edge 30,"Perfect for gaming, but poor battery life.",$1129,Best Buy
Motorola Edge 30,"Stock Android is smooth, but no free case.",$870,Walmart
OnePlus 11,"Excellent camera, but slow software updates.",$716,Samsung Shop
Huawei P50,"Good performance, but heating issue.",$687,OnePlus Official
Motorola Edge 30,"Excellent camera, but slow software updates.",$518,Amazon
Realme GT 2,Affordable and reliable!,$467,Flipkart
Realme GT 2,Great phone! Amazing camera ðŸ“¸,$759,OnePlus Official
Huawei P50,Oxygen OS is better than before!,$678,Walmart
iPhone 14,"Excellent camera, but slow software updates.",$947,Amazon
OnePlus 11,"Battery life is awesome, but expensive.",$792,OnePlus Official
Sony Xperia 1 IV,Oxygen OS is better than before!,$627,Flipkart
OnePlus 11,"Good performance, but heating issue.",$748,eBay
Google Pixel 7,Cheap & powerful!,$849,AliExpress
Huawei P50,"Good performance, but heating issue.",$565,Google Store
Motorola Edge 30,"Excellent camera, but slow software updates.",$719,Samsung Shop
Asus ROG Phone 6,Great phone! Amazing camera ðŸ“¸,$904,Samsung Shop
iPhone 14,"Excellent camera, but slow software updates.",$813,OnePlus Official
Sony Xperia 1 IV,Great phone! Amazing camera ðŸ“¸,$614,Samsung Shop
Realme GT 2,Great phone! Amazing camera ðŸ“¸,$713,Amazon
Motorola Edge 30,"Premium design, but lacks headphone jack.",$330,Flipkart
Samsung Galaxy S23,Great phone! Amazing camera ðŸ“¸,$673,Best Buy
Sony Xperia 1 IV,"Premium design, but lacks headphone jack.",$1236,Google Store
Motorola Edge 30,Great phone! Amazing camera ðŸ“¸,$985,AliExpress
Motorola Edge 30,"Good performance, but heating issue.",$1284,Best Buy
Asus ROG Phone 6,"Excellent camera, but slow software updates.",$1188,Newegg
Huawei P50,"Battery life is awesome, but expensive.",$860,Walmart
Realme GT 2,"Good performance, but heating issue.",$1059,Google Store
Asus ROG Phone 6,Cheap & powerful!,$1227,Flipkart
iPhone 14,Great phone! Amazing camera ðŸ“¸,$1054,Best Buy
iPhone 14,Great phone! Amazing camera ðŸ“¸,$666,Newegg
Sony Xperia 1 IV,"Excellent camera, but slow software updates.",$347,Newegg
Google Pixel 7,Cheap & powerful!,$753,Walmart
Samsung Galaxy S23,"Perfect for gaming, but poor battery life.",$1258,Amazon
Asus ROG Phone 6,"Stock Android is smooth, but no free case.",$1293,Google Store
Asus ROG Phone 6,Great phone! Amazing camera ðŸ“¸,$536,Google Store
Sony Xperia 1 IV,Affordable and reliable!,$1123,Walmart
OnePlus 11,Oxygen OS is better than before!,$513,Samsung Shop
Samsung Galaxy S23,"Stock Android is smooth, but no free case.",$303,Newegg
Samsung Galaxy S23,"Good performance, but heating issue.",$879,Google Store
Motorola Edge 30,"Stock Android is smooth, but no free case.",$478,Samsung Shop
Xiaomi Redmi Note 12,Cheap & powerful!,$368,Walmart
Xiaomi Redmi Note 12,"Perfect for gaming, but poor battery life.",$797,Newegg
OnePlus 11,"Excellent camera, but slow software updates.",$845,Google Store
Asus ROG Phone 6,"Premium design, but lacks headphone jack.",$496,Flipkart
iPhone 14,"Battery life is awesome, but expensive.",$1286,eBay
Google Pixel 7,Oxygen OS is better than before!,$417,Google Store
OnePlus 11,"Perfect for gaming, but poor battery life.",$1048,Google Store
Samsung Galaxy S23,"Good performance, but heating issue.",$968,OnePlus Official
OnePlus 11,Cheap & powerful!,$1103,Walmart
OnePlus 11,"Stock Android is smooth, but no free case.",$956,Newegg
Motorola Edge 30,Oxygen OS is better than before!,$945,Walmart
Samsung Galaxy S23,"Premium design, but lacks headphone jack.",$869,OnePlus Official
Google Pixel 7,"Perfect for gaming, but poor battery life.",$1096,Amazon
Motorola Edge 30,"Battery life is awesome, but expensive.",$808,Google Store
Huawei P50,Great phone! Amazing camera ðŸ“¸,$415,Best Buy
Asus ROG Phone 6,"Battery life is awesome, but expensive.",$548,eBay
OnePlus 11,Affordable and reliable!,$608,Best Buy
Sony Xperia 1 IV,"Battery life is awesome, but expensive.",$317,Google Store
Xiaomi Redmi Note 12,Affordable and reliable!,$748,Samsung Shop
Google Pixel 7,"Perfect for gaming, but poor battery life.",$355,Amazon
OnePlus 11,"Perfect for gaming, but poor battery life.",$1022,Walmart
Xiaomi Redmi Note 12,Cheap & powerful!,$323,Flipkart
Motorola Edge 30,"Stock Android is smooth, but no free case.",$521,Samsung Shop
Xiaomi Redmi Note 12,Cheap & powerful!,$1009,Newegg
Asus ROG Phone 6,"Premium design, but lacks headphone jack.",$901,OnePlus Official
Motorola Edge 30,"Premium design, but lacks headphone jack.",$545,Walmart
Huawei P50,Oxygen OS is better than before!,$380,AliExpress
Motorola Edge 30,"Perfect for gaming, but poor battery life.",$933,Google Store
Google Pixel 7,"Excellent camera, but slow software updates.",$1128,Google Store
Motorola Edge 30,"Good performance, but heating issue.",$928,Best Buy
iPhone 14,"Stock Android is smooth, but no free case.",$1189,Best Buy
OnePlus 11,Great phone! Amazing camera ðŸ“¸,$936,eBay
Google Pixel 7,Affordable and reliable!,$881,Walmart
Asus ROG Phone 6,Oxygen OS is better than before!,$911,Flipkart
Realme GT 2,"Perfect for gaming, but poor battery life.",$859,Best Buy
Huawei P50,Cheap & powerful!,$1035,Samsung Shop
Huawei P50,"Excellent camera, but slow software updates.",$345,Google Store
Samsung Galaxy S23,"Good performance, but heating issue.",$978,Newegg
Xiaomi Redmi Note 12,Great phone! Amazing camera ðŸ“¸,$438,Newegg
Xiaomi Redmi Note 12,"Excellent camera, but slow software updates.",$711,Walmart
Google Pixel 7,Cheap & powerful!,$1154,Samsung Shop
Google Pixel 7,"Excellent camera, but slow software updates.",$477,OnePlus Official
Realme GT 2,Great phone! Amazing camera ðŸ“¸,$350,AliExpress
Samsung Galaxy S23,Great phone! Amazing camera ðŸ“¸,$1159,OnePlus Official
Sony Xperia 1 IV,Great phone! Amazing camera ðŸ“¸,$889,AliExpress
OnePlus 11,Cheap & powerful!,$619,Flipkart
Samsung Galaxy S23,"Stock Android is smooth, but no free case.",$874,OnePlus Official
Realme GT 2,"Stock Android is smooth, but no free case.",$1291,Newegg
Huawei P50,"Perfect for gaming, but poor battery life.",$1267,Amazon
Xiaomi Redmi Note 12,"Perfect for gaming, but poor battery life.",$1030,Google Store
iPhone 14,Oxygen OS is better than before!,$1211,Flipkart
Huawei P50,"Stock Android is smooth, but no free case.",$1036,Newegg
Motorola Edge 30,"Stock Android is smooth, but no free case.",$714,Flipkart
Xiaomi Redmi Note 12,"Good performance, but heating issue.",$376,eBay
Xiaomi Redmi Note 12,"Perfect for gaming, but poor battery life.",$760,Samsung Shop
Sony Xperia 1 IV,"Good performance, but heating issue.",$537,OnePlus Official
Huawei P50,Cheap & powerful!,$365,Amazon
Asus ROG Phone 6,"Excellent camera, but slow software updates.",$824,eBay
Xiaomi Redmi Note 12,"Stock Android is smooth, but no free case.",$839,Flipkart
Asus ROG Phone 6,Great phone! Amazing camera ðŸ“¸,$746,eBay
Samsung Galaxy S23,Affordable and reliable!,$1208,Amazon
Google Pixel 7,"Excellent camera, but slow software updates.",$1157,Amazon
Sony Xperia 1 IV,Oxygen OS is better than before!,$1035,Newegg
iPhone 14,"Excellent camera, but slow software updates.",$488,Samsung Shop
OnePlus 11,"Battery life is awesome, but expensive.",$719,Best Buy
OnePlus 11,"Premium design, but lacks headphone jack.",$1267,Walmart
Asus ROG Phone 6,Cheap & powerful!,$321,Best Buy
Sony Xperia 1 IV,"Premium design, but lacks headphone jack.",$880,Best Buy
Realme GT 2,Affordable and reliable!,$706,Newegg
Asus ROG Phone 6,"Premium design, but lacks headphone jack.",$1204,Walmart
iPhone 14,Affordable and reliable!,$899,Google Store
Asus ROG Phone 6,Cheap & powerful!,$1168,Amazon
iPhone 14,"Stock Android is smooth, but no free case.",$1215,Amazon
Samsung Galaxy S23,"Good performance, but heating issue.",$681,Flipkart
Samsung Galaxy S23,"Perfect for gaming, but poor battery life.",$563,Best Buy
iPhone 14,Cheap & powerful!,$423,OnePlus Official
Xiaomi Redmi Note 12,Great phone! Amazing camera ðŸ“¸,$429,AliExpress
OnePlus 11,"Battery life is awesome, but expensive.",$1260,AliExpress
iPhone 14,"Good performance, but heating issue.",$638,Flipkart
Asus ROG Phone 6,"Stock Android is smooth, but no free case.",$839,Walmart
OnePlus 11,"Perfect for gaming, but poor battery life.",$868,Walmart
Sony Xperia 1 IV,"Good performance, but heating issue.",$462,Samsung Shop
Samsung Galaxy S23,Great phone! Amazing camera ðŸ“¸,$671,Best Buy
Asus ROG Phone 6,Great phone! Amazing camera ðŸ“¸,$1057,Walmart
Huawei P50,"Good performance, but heating issue.",$892,Amazon
Realme GT 2,Affordable and reliable!,$1007,Newegg
Asus ROG Phone 6,"Battery life is awesome, but expensive.",$797,AliExpress
Motorola Edge 30,"Stock Android is smooth, but no free case.",$731,Newegg
Realme GT 2,"Good performance, but heating issue.",$1276,Samsung Shop
Samsung Galaxy S23,"Perfect for gaming, but poor battery life.",$1176,Amazon
Huawei P50,Oxygen OS is better than before!,$977,Newegg
Asus ROG Phone 6,"Battery life is awesome, but expensive.",$1184,Amazon
Asus ROG Phone 6,"Stock Android is smooth, but no free case.",$364,Amazon
Xiaomi Redmi Note 12,"Battery life is awesome, but expensive.",$461,Newegg
Realme GT 2,"Good performance, but heating issue.",$1166,Flipkart
Google Pixel 7,"Good performance, but heating issue.",$892,Newegg
Motorola Edge 30,"Battery life is awesome, but expensive.",$1087,Newegg
Realme GT 2,"Stock Android is smooth, but no free case.",$463,Samsung Shop
OnePlus 11,"Stock Android is smooth, but no free case.",$1194,OnePlus Official
Google Pixel 7,Oxygen OS is better than before!,$611,AliExpress
Google Pixel 7,"Good performance, but heating issue.",$674,Newegg
Xiaomi Redmi Note 12,"Stock Android is smooth, but no free case.",$532,Flipkart
Xiaomi Redmi Note 12,"Stock Android is smooth, but no free case.",$420,Google Store
Xiaomi Redmi Note 12,"Stock Android is smooth, but no free case.",$1111,Newegg
iPhone 14,Great phone! Amazing camera ðŸ“¸,$424,Newegg
Asus ROG Phone 6,Affordable and reliable!,$1163,eBay
Sony Xperia 1 IV,"Excellent camera, but slow software updates.",$1022,OnePlus Official
Realme GT 2,"Premium design, but lacks headphone jack.",$537,Newegg
Sony Xperia 1 IV,"Perfect for gaming, but poor battery life.",$837,Flipkart
iPhone 14,"Battery life is awesome, but expensive.",$536,Best Buy
Asus ROG Phone 6,"Stock Android is smooth, but no free case.",$569,Amazon
Huawei P50,Great phone! Amazing camera ðŸ“¸,$933,Flipkart
OnePlus 11,Great phone! Amazing camera ðŸ“¸,$910,Amazon
Realme GT 2,Great phone! Amazing camera ðŸ“¸,$310,Flipkart
Samsung Galaxy S23,"Stock Android is smooth, but no free case.",$1049,Samsung Shop
Samsung Galaxy S23,Great phone! Amazing camera ðŸ“¸,$1159,Best Buy
Motorola Edge 30,"Stock Android is smooth, but no free case.",$341,OnePlus Official
Sony Xperia 1 IV,"Good performance, but heating issue.",$1229,Best Buy
OnePlus 11,"Perfect for gaming, but poor battery life.",$1226,Walmart
Xiaomi Redmi Note 12,"Battery life is awesome, but expensive.",$1000,Google Store
OnePlus 11,"Excellent camera, but slow software updates.",$1122,OnePlus Official
Huawei P50,"Excellent camera, but slow software updates.",$419,eBay
OnePlus 11,"Excellent camera, but slow software updates.",$1284,Amazon
Google Pixel 7,"Good performance, but heating issue.",$780,Samsung Shop
Asus ROG Phone 6,Oxygen OS is better than before!,$886,Walmart
Samsung Galaxy S23,"Battery life is awesome, but expensive.",$882,Best Buy
Google Pixel 7,Oxygen OS is better than before!,$299,Google Store
Realme GT 2,Oxygen OS is better than before!,$508,OnePlus Official
Sony Xperia 1 IV,"Excellent camera, but slow software updates.",$473,Samsung Shop
Google Pixel 7,Oxygen OS is better than before!,$882,Newegg
Xiaomi Redmi Note 12,Affordable and reliable!,$1212,Flipkart
Sony Xperia 1 IV,Oxygen OS is better than before!,$743,Google Store
Google Pixel 7,"Good performance, but heating issue.",$496,Best Buy
Xiaomi Redmi Note 12,"Premium design, but lacks headphone jack.",$621,Google Store
OnePlus 11,Affordable and reliable!,$578,Best Buy
Huawei P50,Affordable and reliable!,$542,AliExpress
Samsung Galaxy S23,"Perfect for gaming, but poor battery life.",$1094,eBay
iPhone 14,"Premium design, but lacks headphone jack.",$939,OnePlus Official
Huawei P50,Oxygen OS is better than before!,$1169,Best Buy
OnePlus 11,"Battery life is awesome, but expensive.",$577,Amazon
Sony Xperia 1 IV,Affordable and reliable!,$773,OnePlus Official
Sony Xperia 1 IV,"Excellent camera, but slow software updates.",$459,eBay
Motorola Edge 30,Great phone! Amazing camera ðŸ“¸,$953,Flipkart
Realme GT 2,"Perfect for gaming, but poor battery life.",$586,Walmart
Motorola Edge 30,"Perfect for gaming, but poor battery life.",$385,eBay
OnePlus 11,Affordable and reliable!,$1192,eBay
Realme GT 2,"Premium design, but lacks headphone jack.",$654,eBay
Huawei P50,Cheap & powerful!,$953,Google Store
OnePlus 11,Oxygen OS is better than before!,$1105,Walmart
Motorola Edge 30,Great phone! Amazing camera ðŸ“¸,$444,eBay
Huawei P50,"Battery life is awesome, but expensive.",$1293,Walmart
Huawei P50,Great phone! Amazing camera ðŸ“¸,$977,AliExpress
Huawei P50,"Perfect for gaming, but poor battery life.",$547,Newegg
Motorola Edge 30,Oxygen OS is better than before!,$940,Newegg
OnePlus 11,Cheap & powerful!,$636,Best Buy
Motorola Edge 30,"Perfect for gaming, but poor battery life.",$429,AliExpress
Samsung Galaxy S23,"Battery life is awesome, but expensive.",$1095,Flipkart
Huawei P50,"Battery life is awesome, but expensive.",$708,Amazon
Asus ROG Phone 6,Affordable and reliable!,$1286,Newegg
Sony Xperia 1 IV,"Battery life is awesome, but expensive.",$992,Samsung Shop
Google Pixel 7,"Battery life is awesome, but expensive.",$342,OnePlus Official
OnePlus 11,Oxygen OS is better than before!,$468,AliExpress
Sony Xperia 1 IV,"Perfect for gaming, but poor battery life.",$874,Walmart
Google Pixel 7,Oxygen OS is better than before!,$345,Walmart
iPhone 14,"Good performance, but heating issue.",$569,OnePlus Official
OnePlus 11,"Battery life is awesome, but expensive.",$359,Flipkart
Huawei P50,"Battery life is awesome, but expensive.",$310,Flipkart
Samsung Galaxy S23,Affordable and reliable!,$943,AliExpress
Huawei P50,"Stock Android is smooth, but no free case.",$317,Flipkart
Google Pixel 7,"Battery life is awesome, but expensive.",$620,OnePlus Official
Xiaomi Redmi Note 12,Great phone! Amazing camera ðŸ“¸,$881,AliExpress
iPhone 14,"Excellent camera, but slow software updates.",$409,Amazon
Realme GT 2,"Good performance, but heating issue.",$1115,AliExpress
Motorola Edge 30,"Good performance, but heating issue.",$455,Walmart
Google Pixel 7,Great phone! Amazing camera ðŸ“¸,$1041,AliExpress
Samsung Galaxy S23,"Good performance, but heating issue.",$653,Flipkart
Motorola Edge 30,"Excellent camera, but slow software updates.",$839,eBay
Samsung Galaxy S23,"Excellent camera, but slow software updates.",$706,Best Buy
Asus ROG Phone 6,"Excellent camera, but slow software updates.",$1096,Best Buy
Google Pixel 7,"Premium design, but lacks headphone jack.",$1113,Google Store
Realme GT 2,"Good performance, but heating issue.",$625,Newegg
Google Pixel 7,"Perfect for gaming, but poor battery life.",$533,Amazon
OnePlus 11,"Excellent camera, but slow software updates.",$653,Newegg
Xiaomi Redmi Note 12,Oxygen OS is better than before!,$1231,Google Store
Motorola Edge 30,Great phone! Amazing camera ðŸ“¸,$501,Newegg
Motorola Edge 30,"Battery life is awesome, but expensive.",$1234,Flipkart
Asus ROG Phone 6,Affordable and reliable!,$743,Newegg
Sony Xperia 1 IV,"Good performance, but heating issue.",$779,Walmart
Xiaomi Redmi Note 12,Affordable and reliable!,$812,Walmart
Xiaomi Redmi Note 12,"Stock Android is smooth, but no free case.",$950,Amazon
Asus ROG Phone 6,"Good performance, but heating issue.",$875,Walmart
Sony Xperia 1 IV,Oxygen OS is better than before!,$821,Newegg
Huawei P50,Great phone! Amazing camera ðŸ“¸,$1062,Amazon
Asus ROG Phone 6,"Battery life is awesome, but expensive.",$323,eBay
Huawei P50,"Premium design, but lacks headphone jack.",$841,Amazon
Asus ROG Phone 6,"Good performance, but heating issue.",$1219,Walmart
Samsung Galaxy S23,"Perfect for gaming, but poor battery life.",$822,Amazon
Sony Xperia 1 IV,Oxygen OS is better than before!,$1138,OnePlus Official
Asus ROG Phone 6,Oxygen OS is better than before!,$1172,Best Buy
Google Pixel 7,Great phone! Amazing camera ðŸ“¸,$839,AliExpress
Motorola Edge 30,Cheap & powerful!,$426,Best Buy
Huawei P50,"Stock Android is smooth, but no free case.",$389,Samsung Shop
Realme GT 2,"Excellent camera, but slow software updates.",$1095,Flipkart
Samsung Galaxy S23,Great phone! Amazing camera ðŸ“¸,$1024,Samsung Shop
Motorola Edge 30,"Stock Android is smooth, but no free case.",$933,Walmart
Google Pixel 7,Great phone! Amazing camera ðŸ“¸,$419,OnePlus Official
OnePlus 11,"Battery life is awesome, but expensive.",$1017,Flipkart
Huawei P50,Affordable and reliable!,$1100,OnePlus Official
Samsung Galaxy S23,"Stock Android is smooth, but no free case.",$1161,Newegg
Huawei P50,"Perfect for gaming, but poor battery life.",$768,Google Store
Motorola Edge 30,Oxygen OS is better than before!,$464,Walmart
Sony Xperia 1 IV,"Excellent camera, but slow software updates.",$959,Walmart
Samsung Galaxy S23,"Premium design, but lacks headphone jack.",$557,OnePlus Official
Xiaomi Redmi Note 12,"Premium design, but lacks headphone jack.",$420,OnePlus Official
Samsung Galaxy S23,"Stock Android is smooth, but no free case.",$371,Flipkart
Asus ROG Phone 6,"Perfect for gaming, but poor battery life.",$1015,Newegg
Motorola Edge 30,Great phone! Amazing camera ðŸ“¸,$1044,OnePlus Official
OnePlus 11,Oxygen OS is better than before!,$890,Flipkart
Huawei P50,Great phone! Amazing camera ðŸ“¸,$1228,eBay
Xiaomi Redmi Note 12,"Stock Android is smooth, but no free case.",$822,Amazon
Xiaomi Redmi Note 12,Affordable and reliable!,$1204,Google Store
Google Pixel 7,Cheap & powerful!,$916,Google Store
Realme GT 2,"Battery life is awesome, but expensive.",$799,AliExpress
Huawei P50,"Stock Android is smooth, but no free case.",$934,Best Buy
Sony Xperia 1 IV,"Excellent camera, but slow software updates.",$730,Samsung Shop
Asus ROG Phone 6,Great phone! Amazing camera ðŸ“¸,$775,OnePlus Official
Asus ROG Phone 6,"Premium design, but lacks headphone jack.",$402,Walmart
Sony Xperia 1 IV,Oxygen OS is better than before!,$1188,Walmart
Google Pixel 7,Great phone! Amazing camera ðŸ“¸,$645,OnePlus Official
iPhone 14,"Good performance, but heating issue.",$740,Amazon
Xiaomi Redmi Note 12,Oxygen OS is better than before!,$1143,Amazon
iPhone 14,"Perfect for gaming, but poor battery life.",$1250,Google Store
Google Pixel 7,Cheap & powerful!,$452,Google Store
iPhone 14,"Premium design, but lacks headphone jack.",$734,Samsung Shop
Sony Xperia 1 IV,"Battery life is awesome, but expensive.",$885,Best Buy
Sony Xperia 1 IV,Great phone! Amazing camera ðŸ“¸,$1274,Walmart
Sony Xperia 1 IV,Cheap & powerful!,$414,Amazon
Motorola Edge 30,"Battery life is awesome, but expensive.",$315,Google Store
Samsung Galaxy S23,Cheap & powerful!,$1011,AliExpress
Google Pixel 7,"Excellent camera, but slow software updates.",$1078,eBay
OnePlus 11,Oxygen OS is better than before!,$1291,Best Buy
OnePlus 11,"Perfect for gaming, but poor battery life.",$1231,Samsung Shop
OnePlus 11,Cheap & powerful!,$1004,Walmart
Asus ROG Phone 6,"Premium design, but lacks headphone jack.",$814,Walmart
Realme GT 2,Affordable and reliable!,$896,AliExpress
Motorola Edge 30,"Perfect for gaming, but poor battery life.",$937,Walmart
Sony Xperia 1 IV,"Excellent camera, but slow software updates.",$475,Flipkart
Xiaomi Redmi Note 12,"Battery life is awesome, but expensive.",$1070,OnePlus Official
Motorola Edge 30,"Battery life is awesome, but expensive.",$949,Walmart
Huawei P50,Great phone! Amazing camera ðŸ“¸,$498,OnePlus Official
Huawei P50,Affordable and reliable!,$1222,Best Buy
Asus ROG Phone 6,"Excellent camera, but slow software updates.",$559,OnePlus Official
Huawei P50,"Premium design, but lacks headphone jack.",$337,Google Store
Sony Xperia 1 IV,"Premium design, but lacks headphone jack.",$1189,OnePlus Official
Xiaomi Redmi Note 12,"Excellent camera, but slow software updates.",$1169,eBay
OnePlus 11,Great phone! Amazing camera ðŸ“¸,$540,Walmart
OnePlus 11,"Battery life is awesome, but expensive.",$1288,Newegg
Google Pixel 7,"Stock Android is smooth, but no free case.",$351,AliExpress
iPhone 14,"Perfect for gaming, but poor battery life.",$707,AliExpress
Google Pixel 7,Affordable and reliable!,$942,Samsung Shop
OnePlus 11,"Excellent camera, but slow software updates.",$474,Flipkart
Samsung Galaxy S23,Cheap & powerful!,$450,Walmart
OnePlus 11,"Battery life is awesome, but expensive.",$959,Flipkart
Huawei P50,"Premium design, but lacks headphone jack.",$859,Amazon
OnePlus 11,"Premium design, but lacks headphone jack.",$488,Samsung Shop
OnePlus 11,Cheap & powerful!,$1278,Best Buy
OnePlus 11,"Stock Android is smooth, but no free case.",$1267,Flipkart
Realme GT 2,Great phone! Amazing camera ðŸ“¸,$669,OnePlus Official
Google Pixel 7,Cheap & powerful!,$371,AliExpress
Asus ROG Phone 6,"Good performance, but heating issue.",$379,Best Buy
Samsung Galaxy S23,Oxygen OS is better than before!,$1042,Samsung Shop
Samsung Galaxy S23,"Battery life is awesome, but expensive.",$1156,AliExpress
Realme GT 2,Great phone! Amazing camera ðŸ“¸,$886,OnePlus Official
Xiaomi Redmi Note 12,"Excellent camera, but slow software updates.",$1085,Samsung Shop
iPhone 14,"Excellent camera, but slow software updates.",$933,Best Buy
Sony Xperia 1 IV,"Battery life is awesome, but expensive.",$1093,Amazon
Xiaomi Redmi Note 12,Cheap & powerful!,$1131,OnePlus Official
Asus ROG Phone 6,Great phone! Amazing camera ðŸ“¸,$1292,Google Store
Realme GT 2,Great phone! Amazing camera ðŸ“¸,$1173,Walmart
Samsung Galaxy S23,"Stock Android is smooth, but no free case.",$471,Walmart
Google Pixel 7,Affordable and reliable!,$1146,Samsung Shop
Google Pixel 7,Great phone! Amazing camera ðŸ“¸,$573,OnePlus Official
OnePlus 11,"Perfect for gaming, but poor battery life.",$679,AliExpress
Xiaomi Redmi Note 12,Cheap & powerful!,$442,Samsung Shop
Realme GT 2,"Stock Android is smooth, but no free case.",$1115,Amazon
Huawei P50,Cheap & powerful!,$631,OnePlus Official
Asus ROG Phone 6,"Good performance, but heating issue.",$1149,Flipkart
Google Pixel 7,Cheap & powerful!,$983,Amazon
iPhone 14,"Battery life is awesome, but expensive.",$930,Best Buy
iPhone 14,Affordable and reliable!,$1278,Google Store
Motorola Edge 30,"Perfect for gaming, but poor battery life.",$1098,Newegg
Realme GT 2,"Premium design, but lacks headphone jack.",$1032,Samsung Shop
iPhone 14,"Perfect for gaming, but poor battery life.",$1290,eBay
Google Pixel 7,"Premium design, but lacks headphone jack.",$364,Flipkart
Xiaomi Redmi Note 12,"Battery life is awesome, but expensive.",$700,Amazon
Motorola Edge 30,Affordable and reliable!,$506,Google Store
Asus ROG Phone 6,"Excellent camera, but slow software updates.",$543,Amazon
Realme GT 2,"Perfect for gaming, but poor battery life.",$967,eBay
Realme GT 2,"Excellent camera, but slow software updates.",$314,AliExpress
Sony Xperia 1 IV,"Good performance, but heating issue.",$379,Walmart
Huawei P50,Oxygen OS is better than before!,$589,Google Store
Realme GT 2,Oxygen OS is better than before!,$909,Flipkart
Asus ROG Phone 6,"Battery life is awesome, but expensive.",$936,Flipkart
OnePlus 11,Cheap & powerful!,$1144,Walmart
Sony Xperia 1 IV,Great phone! Amazing camera ðŸ“¸,$422,Best Buy
iPhone 14,Great phone! Amazing camera ðŸ“¸,$362,Newegg
Google Pixel 7,"Perfect for gaming, but poor battery life.",$493,AliExpress
Sony Xperia 1 IV,"Premium design, but lacks headphone jack.",$919,Amazon
OnePlus 11,Great phone! Amazing camera ðŸ“¸,$427,AliExpress
Asus ROG Phone 6,Cheap & powerful!,$380,Flipkart
Realme GT 2,"Battery life is awesome, but expensive.",$819,Walmart
Asus ROG Phone 6,"Good performance, but heating issue.",$1285,OnePlus Official
Realme GT 2,"Good performance, but heating issue.",$1139,eBay
Huawei P50,"Good performance, but heating issue.",$985,Best Buy
Samsung Galaxy S23,Affordable and reliable!,$362,Flipkart
iPhone 14,"Premium design, but lacks headphone jack.",$1186,Walmart
Realme GT 2,Great phone! Amazing camera ðŸ“¸,$529,Samsung Shop
OnePlus 11,Affordable and reliable!,$910,Amazon
Huawei P50,Cheap & powerful!,$1008,Samsung Shop
Motorola Edge 30,"Battery life is awesome, but expensive.",$368,Newegg
Huawei P50,"Battery life is awesome, but expensive.",$345,OnePlus Official
Sony Xperia 1 IV,"Good performance, but heating issue.",$1064,Flipkart
Xiaomi Redmi Note 12,Oxygen OS is better than before!,$673,eBay
Google Pixel 7,"Premium design, but lacks headphone jack.",$1181,Walmart
Xiaomi Redmi Note 12,Affordable and reliable!,$944,AliExpress
Huawei P50,"Stock Android is smooth, but no free case.",$1254,eBay
Samsung Galaxy S23,"Excellent camera, but slow software updates.",$922,Flipkart
Motorola Edge 30,"Good performance, but heating issue.",$508,Newegg
Realme GT 2,"Perfect for gaming, but poor battery life.",$378,Walmart
Huawei P50,"Good performance, but heating issue.",$377,Walmart
Motorola Edge 30,Great phone! Amazing camera ðŸ“¸,$659,Best Buy
Google Pixel 7,Oxygen OS is better than before!,$678,AliExpress
Samsung Galaxy S23,"Premium design, but lacks headphone jack.",$1231,Best Buy
Sony Xperia 1 IV,"Excellent camera, but slow software updates.",$893,Amazon
Realme GT 2,"Good performance, but heating issue.",$608,Walmart
Xiaomi Redmi Note 12,"Perfect for gaming, but poor battery life.",$983,Walmart
Samsung Galaxy S23,"Battery life is awesome, but expensive.",$449,Amazon
OnePlus 11,"Perfect for gaming, but poor battery life.",$957,Amazon
Motorola Edge 30,"Perfect for gaming, but poor battery life.",$858,OnePlus Official
Samsung Galaxy S23,Great phone! Amazing camera ðŸ“¸,$383,Google Store
Motorola Edge 30,"Stock Android is smooth, but no free case.",$751,Walmart
Asus ROG Phone 6,"Excellent camera, but slow software updates.",$480,Best Buy
Google Pixel 7,Cheap & powerful!,$499,Newegg
Samsung Galaxy S23,Great phone! Amazing camera ðŸ“¸,$583,AliExpress
Sony Xperia 1 IV,"Stock Android is smooth, but no free case.",$622,Flipkart
Samsung Galaxy S23,"Premium design, but lacks headphone jack.",$918,Newegg
OnePlus 11,"Premium design, but lacks headphone jack.",$1047,Best Buy
iPhone 14,"Stock Android is smooth, but no free case.",$614,Flipkart
Motorola Edge 30,Affordable and reliable!,$459,Walmart
Samsung Galaxy S23,"Battery life is awesome, but expensive.",$814,Best Buy
Huawei P50,"Excellent camera, but slow software updates.",$1270,eBay
Sony Xperia 1 IV,Affordable and reliable!,$648,Google Store
Asus ROG Phone 6,Great phone! Amazing camera ðŸ“¸,$689,Newegg
OnePlus 11,"Battery life is awesome, but expensive.",$322,Newegg
Asus ROG Phone 6,"Excellent camera, but slow software updates.",$507,eBay
Realme GT 2,"Stock Android is smooth, but no free case.",$1283,AliExpress
iPhone 14,"Battery life is awesome, but expensive.",$875,OnePlus Official
Realme GT 2,"Perfect for gaming, but poor battery life.",$303,Newegg
Asus ROG Phone 6,Great phone! Amazing camera ðŸ“¸,$704,Google Store
Asus ROG Phone 6,Great phone! Amazing camera ðŸ“¸,$432,eBay
iPhone 14,"Battery life is awesome, but expensive.",$1173,Google Store
Huawei P50,Cheap & powerful!,$1106,Google Store
Google Pixel 7,Oxygen OS is better than before!,$1270,Samsung Shop
Asus ROG Phone 6,Oxygen OS is better than before!,$606,AliExpress
Huawei P50,Great phone! Amazing camera ðŸ“¸,$941,Flipkart
OnePlus 11,Great phone! Amazing camera ðŸ“¸,$792,Amazon
Sony Xperia 1 IV,"Premium design, but lacks headphone jack.",$993,Samsung Shop
